id,name,url,categories,price_usd,regular_price_usd,on_sale,sheet,thickness_mm,width_cm,depth_cm,height_cm,dimensions_raw,images,main_image,reviews,short_description
1001279,Edra Berjer,https://anasghalion.com/product/edra-berjer/,Armchairs | Chairs | Wood Design Crafted,70.0,70.0,False,MDF/Plywood,15,95.0,95.0,80.0,Width : 95 CM / Depth : 95 CM / Full Hight : 80 CM / Depth Seat : 62 CM,5,https://anasghalion.com/wp-content/uploads/2026/09/1.jpg,0,"Material used :

MDF or Plywood –15 mm – 122×244 cm

Dimensions :

Width : 95 CM

Depth : 95 CM

Full Hight : 80 CM

Depth Seat : 62 CM"
1001121,Sofia Sofa,https://anasghalion.com/product/sofia-sofa/,Corner Sofas | Sofas | Wood Design Crafted,90.0,90.0,False,MDF/Plywood,18,272.0,180.0,68.0,W : 272 CM – H.BACK : 68 CM – D : 180 CM – H Seat : 27 CM – D Seat : 57 CM,11,https://anasghalion.com/wp-content/uploads/2026/08/1-1.jpg,0,"Material used :

MDF or Plywood -18 mm – 1220×2440 mm

Size Sofa :

W : 272 CM – H.BACK : 68 CM – D : 180 CM – H Seat : 27 CM – D Seat : 57 CM"
1001108,Reception Sofa,https://anasghalion.com/product/reception-sofa/,Sofas | Wood Design Crafted,80.0,80.0,False,MDF/Plywood,12,179.0,75.0,80.0,W : 179 CM – H.BACK : 80 CM – D : 75 CM – H Seat : 25 CM – D Seat : 56 CM,11,https://anasghalion.com/wp-content/uploads/2026/08/1.jpg,0,"MDF or Plywood -12 mm – 1220×2440 mm

Size Sofa :

W : 179 CM – H.BACK : 80 CM – D : 75 CM – H Seat : 25 CM – D Seat : 56 CM"
1000870,Krillin Chair,https://anasghalion.com/product/krillin-chair/,Armchairs | Chairs | Wood Design Crafted,60.0,60.0,False,MDF/Plywood,15,98,85,79,Dimensions : W98*D85*H79 cm,8,https://anasghalion.com/wp-content/uploads/2026/07/1-1.jpg,0,"Material used :

MDF or Plywood –15 mm – 122×244 cm

Dimensions : W98*D85*H79 cm"
1000720,Necchi sofas & Armcahir.,https://anasghalion.com/product/necchi-sofas-armcahir/,Armchairs | Chairs | Sofas | Wood Design Crafted,140.0,140.0,False,MDF/Plywood,15,262,91,79,Sofa 3 seat-15 mm- W262 x D91 x H79 cm / sofa 2 seat -15 mm- W189 x D91 x H79 cm / Single -Armcahir-15 mm – W115 x D91 x H79 cm,6,https://anasghalion.com/wp-content/uploads/2026/07/1.jpg,0,"The wooden structure of this sofa will be easy for you. Just place the design file on the CNC machine and you will easily have more than one copy quickly.

Sofa 3 seat-15 mm- W262 x D91 x H79 cm

sofa 2 seat -15 mm- W189 x D91 x H79 cm

Single -Armcahir-15 mm – W115 x D91 x H79 cm

Material used :

MDF or Plywood -15 mm-1220×2440 mm –

After payment you will get the following files:

1-dxf files Drawing . for CNC

2- PDF file presentation of the installation method .

3- stl – obj – fbx – 3ds preview files .

If other files are needed, please inform us of your custom request ..

Thank you"
1000675,Baca Chair,https://anasghalion.com/product/baca-chair/,Armchairs | Chairs | Wood Design Crafted,40.0,40.0,False,MDF/Plywood,18,67,60,60,Dimensions :  D60*H60*W67 CM,4,https://anasghalion.com/wp-content/uploads/2026/06/1-2.jpg,0,"The wooden structure of this sofa will be easy for you. Just place the design file on the CNC machine and you will easily have more than one copy quickly.

Material used :

MDF or Plywood –18 mm – 122×244 cm

Dimensions :  D60*H60*W67 CM 

After payment you will get the following files:

1-dxf files Drawing .

2- PDF file presentation of the installation method .

3- stl – obj – fbx – 3ds preview files .

If other files are needed, please inform us of your custom request ..

Thank you"
1000656,Olivia Bed,https://anasghalion.com/product/olivia-bed/,Beds | Wood Design Crafted,110.0,110.0,False,MDF/Plywood,15,,,,mattress-180x200cm -15mm,9,https://anasghalion.com/wp-content/uploads/2026/06/1-1.jpg,0,"MDF or Plywood -15 mm – 1220×2440 mm

mattress-180x200cm -15mm"
1000641,Aura sofas & Armcahir,https://anasghalion.com/product/aura-sofas-armcahir/,Armchairs | Chairs | Sofas | Wood Design Crafted,140.0,140.0,False,MDF/Plywood,17,233,90,54,Sofa 3 seat-17 mm-233x90x54 cm / sofa 2 seat -18 mm-200x90x54 cm / Single -Armcahir-18 mm-90x90x54 cm,6,https://anasghalion.com/wp-content/uploads/2026/06/1.jpg,0,"The wooden structure of this sofa will be easy for you. Just place the design file on the CNC machine and you will easily have more than one copy quickly.

Sofa 3 seat-17 mm-233x90x54 cm

sofa 2 seat -18 mm-200x90x54 cm

Single -Armcahir-18 mm-90x90x54 cm

Material used :

MDF or Plywood -17 mm-1220×2440 mm –

After payment you will get the following files:

1-dxf files Drawing . for CNC

2- PDF file presentation of the installation method .

3- stl – obj – fbx – 3ds preview files .

If other files are needed, please inform us of your custom request ..

Thank you"
1000289,Tactile sofas -3 & 2 & Armchair,https://anasghalion.com/product/tactile-sofas-3-2-armchair-2/,Armchairs | Chairs | Sofas | Wood Design Crafted,125.0,125.0,False,MDF/Plywood,18,,,,15 mm-sofa 215cm,13,https://anasghalion.com/wp-content/uploads/2026/05/1-4.jpg,0,"Sofa 3 seat-18 mm

sofa 2 seat -18 mm

Single -Armcahir-18 mm

Material used :

MDF or Plywood -18 mm-1220×2440 mm –

15 mm-sofa 215cm"
1000288,Preston Armchair,https://anasghalion.com/product/preston-armchair/,Armchairs | Chairs | Wood Design Crafted,60.0,60.0,False,MDF/Plywood,15,77.0,72.0,62.0,W : 77 cm / D : 72 cm,9,https://anasghalion.com/wp-content/uploads/2026/05/1-3-5.jpg,0,"The wooden structure of this sofa will be easy for you. Just place the design file on the CNC machine and you will easily have more than one copy quickly.

The Dimension:

W : 77 cm

D : 72 cm

H: 62 Cm

Legs : 15 Cm

Material used :

MDF or Plywood -15 mm – 122×244 cm

After payment you will get the following files:

1-dxf files Drawing .

2- PDF file presentation of the installation method .

3- stl – obj – fbx – 3ds preview files .

If other files are needed, please inform us of your custom request .."
1000287,Accent Chair,https://anasghalion.com/product/accent-chair/,Armchairs | Chairs | Wood Design Crafted,50.0,50.0,False,MDF/Plywood,15,77.0,72.0,62.0,W : 77 cm / D : 72 cm,9,https://anasghalion.com/wp-content/uploads/2026/05/1-2-7.jpg,0,"The Dimension:

W : 77 cm

D : 72 cm

H: 62 Cm

Legs : 15 Cm

Material used :

MDF or Plywood -15 mm – 122×244 cm"
1000273,Lena Sofa,https://anasghalion.com/product/lena-sofa/,Corner Sofas | Sofas | Wood Design Crafted,130.0,130.0,False,MDF/Plywood,15,,,,,10,https://anasghalion.com/wp-content/uploads/2026/05/1-1-8.jpg,0,"Material used :

MDF or Plywood -15mm – 1220×2440 mm

or

MDF or Plywood -18mm – 1220×2440 mm

The Dimension :

in pics"
1000272,Infiniti Chair,https://anasghalion.com/product/infiniti-chair/,Armchairs | Chairs | Wood Design Crafted,60.0,60.0,False,MDF/Plywood,18,82.0,72.0,75.0,W : 82 cm / D : 72 cm,8,https://anasghalion.com/wp-content/uploads/2026/05/1-18.jpg,0,"The wooden structure of this sofa will be easy for you. Just place the design file on the CNC machine and you will easily have more than one copy quickly.

The Dimension:

W : 82 cm

D : 72 cm

H: 75 Cm

Legs : 3 Cm

Material used :

MDF or Plywood -18 mm – 122×244 cm

After payment you will get the following files:

1-dxf files Drawing .

2- PDF file presentation of the installation method .

3- stl – obj – fbx – 3ds preview files .

If other files are needed, please inform us of your custom request ..

Thank you"
1000271,Boolean Armchair,https://anasghalion.com/product/boolean-armchair/,Armchairs | Chairs | Wood Design Crafted,70.0,70.0,False,MDF/Plywood,18,85.0,78.0,74.0,"W : 85 cm / D : 78 cm / D,Seat: 55 cm",11,https://anasghalion.com/wp-content/uploads/2026/05/1-6-2.jpg,0,"Material used :

MDF or Plywood -18 mm – 1220 x2440 mm

&

Solid Wood for under

The Dimension:

W : 85 cm

D : 78 cm

D,Seat: 55 cm

H: 74 Cm"
1000270,Altivelle Bed,https://anasghalion.com/product/altivelle-bed/,Beds | Wood Design Crafted,90.0,90.0,False,MDF/Plywood,15,,,,mattress-160×200 cm-15mm / mattress-180x200cm -15mm,9,https://anasghalion.com/wp-content/uploads/2026/05/1-5-2.jpg,0,"The wooden structure of this sofa will be easy for you. Just place the design file on the CNC machine and you will easily have more than one copy quickly.

Material used :

MDF or Plywood -15 mm – 1220×2440 mm

mattress-160×200 cm-15mm

mattress-180x200cm -15mm

After payment you will get the following files:

1-dxf files Drawing for cnc.

2- PDF file presentation of the installation method .

3- stl – obj – fbx – 3ds preview files .

If other files are needed, please inform us of your custom request ..

Thank you"
1000269,Blok sofa -3 & 2 + Armchair,https://anasghalion.com/product/blok-sofa-3-2-armchair/,Armchairs | Sets & Bundles | Sofas | Wood Design Crafted,90.0,90.0,False,MDF/Plywood,18,235.0,100.0,,"W : 235 cm / D : 100 cm / D,Set : 70 cm / H,Back : 64+2 cm legs frame",12,https://anasghalion.com/wp-content/uploads/2026/05/1-4-5.jpg,0,"3 seat

2 seat

Armchair

+

dimensions :

W : 235 cm

D : 100 cm

D,Set : 70 cm

H,Back : 64+2 cm legs frame

 

Material used MDF or Plywood :

18 mm – 122×244 cm"
1000268,Wing Sofa,https://anasghalion.com/product/wing-sofa/,Sofas | Wood Design Crafted,70.0,70.0,False,MDF/Plywood,15,245.0,120.0,70.0,W : 245 CM / D :120 CM / D.SET : 70 CM / H : 70 CM / LEGS : 20 CM,13,https://anasghalion.com/wp-content/uploads/2026/05/1-3-4.jpg,0,"Sofa 3 seat

W : 245 CM

D :120 CM

D.SET : 70 CM

H : 70 CM

LEGS : 20 CM

Material used :

MDF or Plywood -15 mm-1220×2440 mm"
1000267,Cama Bed,https://anasghalion.com/product/cama-bed/,Beds | Wood Design Crafted,90.0,90.0,False,MDF/Plywood,15,,,,mattress-160×200 cm-15mm / mattress-180x200cm -15mm,13,https://anasghalion.com/wp-content/uploads/2026/05/1-2-6.jpg,0,"Material used :

MDF or Plywood -15 mm – 1220×2440 mm

mattress-160×200 cm-15mm

mattress-180x200cm -15mm

mattress-195X205-15 MM"
1000266,Crast Bed,https://anasghalion.com/product/crast-bed/,Beds | Wood Design Crafted,80.0,80.0,False,MDF/Plywood,15,,,,mattress-180x190cm -15mm / mattress-160x200cm -15mm,11,https://anasghalion.com/wp-content/uploads/2026/05/1-1-7.jpg,0,"Material used :

MDF or Plywood -15 mm – 1220×2440 mm

mattress-180x190cm -15mm

mattress-160x200cm -15mm

mattress- 203X150- 15mm"
1000265,Margas Chair,https://anasghalion.com/product/margas-chair/,Armchairs | Chairs | Wood Design Crafted,60.0,60.0,False,MDF/Plywood,18,90.0,87.0,80.0,w  : 90cm – D : 87 cm- D.SET : 65 CM- H : 80 CM +6 CM LEGS / w  : 90cm / D : 87 cm / D.SET : 65 CM / H : 80 CM +6 CM LEGS,13,https://anasghalion.com/wp-content/uploads/2026/05/1-17.jpg,0,"Material used :

MDF or Plywood -18mm – 1220×2440 mm

The Dimension :

w  : 90cm – D : 87 cm- D.SET : 65 CM- H : 80 CM +6 CM LEGS"
1000264,Adriel Armchair,https://anasghalion.com/product/adriel-armchair/,Armchairs | Chairs | Wood Design Crafted,60.0,60.0,False,MDF/Plywood,18,86.0,68.0,70.0,"MDF or Plywood -18 mm – 1700×2200 mm / W : 86 cm –D : 68 cm-D,Seat: 52 cm- H: 70 Cm / W : 86 cm / D : 68 cm / D,Seat: 52 cm",11,https://anasghalion.com/wp-content/uploads/2026/05/1-1-6.jpg,0,"MDF or Plywood -18 mm – 1700×2200 mm

The Dimension: 

W : 86 cm –D : 68 cm-D,Seat: 52 cm- H: 70 Cm"
1000253,Phoenix Armchair,https://anasghalion.com/product/phoenix-armchair/,Armchairs | Chairs | Wood Design Crafted,60.0,60.0,False,MDF/Plywood,18,77.0,80.0,73.0,"W : 77 cm-D : 80 cm-D,Seat: 60 cm-H: 73 Cm / W : 77 cm / D : 80 cm / D,Seat: 60 cm",11,https://anasghalion.com/wp-content/uploads/2026/05/1-16.jpg,0,"Material used :

MDF or Plywood -18 mm – 1220×2440 mm

The Dimension:

W : 77 cm-D : 80 cm-D,Seat: 60 cm-H: 73 Cm"
1000252,Oslo Bed,https://anasghalion.com/product/oslo-bed/,Beds | Wood Design Crafted,110.0,110.0,False,MDF/Plywood,15,,,,mattress-160×200 cm-15mm / mattress-180x200cm -15mm / mattress-190x200cm -15mm,14,https://anasghalion.com/wp-content/uploads/2026/05/1-1-5.jpg,0,"Material used :

MDF or Plywood -15 mm – 1220×2440 mm

mattress-160×200 cm-15mm

mattress-180x200cm -15mm

mattress-190x200cm -15mm"
1000251,Chenille Chair,https://anasghalion.com/product/chenille-chair/,Armchairs | Chairs | Wood Design Crafted,60.0,60.0,False,MDF/Plywood,18,84.0,76.0,80.0,W : 84 cm / D : 76 cm,12,https://anasghalion.com/wp-content/uploads/2026/05/1-1-4.jpg,0,"The Dimension:

W : 84 cm

D : 76 cm

D,Seat : 50 Cm

H : 80 Cm"
1000250,Alba Chair,https://anasghalion.com/product/alba-chair/,Armchairs | Chairs | Wood Design Crafted,50.0,50.0,False,MDF/Plywood,15,100.0,90.0,63.0,"W : 100 cm / D : 90 cm / D,Set : 70 cm",13,https://anasghalion.com/wp-content/uploads/2026/05/1-15.jpg,0,"The Dimension:

W : 100 cm

D : 90 cm

D,Set : 70 cm

H: 63 Cm

Legs : 4 Cm

Material used :

MDF or Plywood -15 mm – 122×244 cm"
1000249,Foley chair,https://anasghalion.com/product/foley-chair/,Armchairs | Chairs | Wood Design Crafted,45.0,45.0,False,MDF/Plywood,18,,,,,10,https://anasghalion.com/wp-content/uploads/2026/05/10.jpg,0,"Material used :

MDF or Plywood -18 mm – 122×244 cm

3 Size ."
1000248,Ellis Chair,https://anasghalion.com/product/ellis-chair/,Armchairs | Chairs | Wood Design Crafted,50.0,50.0,False,MDF/Plywood,18,79.0,95.0,95.0,W :79CM -D : 95 CM – D.SET : 62 CM – H : 95CM,11,https://anasghalion.com/wp-content/uploads/2026/05/1-14.jpg,0,"MDF or Plywood -18 mm – 122×244 cm

Dimensions:

W :79CM -D : 95 CM – D.SET : 62 CM – H : 95CM"
1000247,Bernd Sofa,https://anasghalion.com/product/bernd-sofa/,Sofas | Wood Design Crafted,70.0,70.0,False,MDF/Plywood,18,200.0,87.0,,w : 200 cm- D : 87 cm – D”Set : 74 cm – H : 68 + 4 cm LEGS / w : 200 cm / D : 87 cm / D”Set : 74 cm / H : 68 + 4 cm LEGS,14,https://anasghalion.com/wp-content/uploads/2026/05/1-2-5.jpg,0,"Material used MDF or Plywood :

18 mm – 122×244 cm

Dimensions :

w : 200 cm- D : 87 cm – D”Set : 74 cm – H : 68 + 4 cm LEGS"
1000246,Baloon  Armchair,https://anasghalion.com/product/baloon-armchair/,Armchairs | Chairs | Wood Design Crafted,70.0,70.0,False,MDF/Plywood,15,89.0,85.0,,w : 89 cm – D : 85 cm – D”Set : 70 cm – H : 42 + 13 cm Legs / w : 89 cm / D : 85 cm / D”Set : 70 cm / H : 42 + 13 cm LEGS,13,https://anasghalion.com/wp-content/uploads/2026/05/1-1-3.jpg,0,"Material used MDF or Plywood :

15 mm – 122×244 cm

Dimensions : 

w : 89 cm – D : 85 cm – D”Set : 70 cm – H : 42 + 13 cm Legs"
1000245,La Pipe Lounge Chair,https://anasghalion.com/product/la-pipe-lounge-chair/,Armchairs | Chairs | Wood Design Crafted,70.0,70.0,False,MDF/Plywood,15,89.0,76.0,67.0,w : 89 cm-D : 76 cm-D”Set : 63 cm-H : 67 cm / w : 89 cm / D : 76 cm / D”Set : 63 cm / H : 67 cm,11,https://anasghalion.com/wp-content/uploads/2026/05/1-13.jpg,0,"Material used MDF or Plywood :

15 mm – 122×244 cm

dimensions :

w : 89 cm-D : 76 cm-D”Set : 63 cm-H : 67 cm"
1000244,Sign Armchair,https://anasghalion.com/product/sign-armchair/,Armchairs | Chairs | Wood Design Crafted,60.0,60.0,False,MDF/Plywood,18,75.0,73.0,47.0,w : 75 cm-D : 73 cm-D”Set : 60 cm-H : 47 cm + 27 cm legs / w : 75 cm / D : 73 cm / D”Set : 60 cm / H : 47 cm + 27 cm legs,12,https://anasghalion.com/wp-content/uploads/2026/05/1-4-4.jpg,0,"Material used MDF or Plywood :

18 mm – 122×244 cm

Dimensions :

w : 75 cm-D : 73 cm-D”Set : 60 cm-H : 47 cm + 27 cm legs"
1000243,Ken Chair,https://anasghalion.com/product/ken-chair/,Armchairs | Chairs | Wood Design Crafted,40.0,40.0,False,MDF/Plywood,18,94.0,98.0,66.0,w : 94 cm-D :98 cm-D”Set : 75 cm-H : 66 cm + 5 cm legs / w : 94 cm / D :98 cm / D”Set : 75 cm / H : 66 cm + 5 cm legs,13,https://anasghalion.com/wp-content/uploads/2026/05/1-3-3.jpg,0,"Material used MDF or Plywood :

18 mm – 122×244 cm

Dimensions :

w : 94 cm-D :98 cm-D”Set : 75 cm-H : 66 cm + 5 cm legs"
1000242,Jensen Armhair,https://anasghalion.com/product/jensen-armhair/,Armchairs | Chairs | Wood Design Crafted,45.0,45.0,False,MDF/Plywood,18,,,,,5,https://anasghalion.com/wp-content/uploads/2026/05/1-2-4.jpg,0,"Material used MDF or Plywood :

18 mm – 122×244 cm"
1000229,Barrow chair,https://anasghalion.com/product/barrow-chair/,Armchairs | Chairs | Wood Design Crafted,40.0,40.0,False,MDF/Plywood,18,80.0,80.0,52.0,w : 80 cm / D : 80 cm / D”Set : 70 cm / H : 52 cm,10,https://anasghalion.com/wp-content/uploads/2026/05/1-1-2.jpg,0,"Dimensions :

w : 80 cm

D : 80 cm

D”Set : 70 cm

H : 52 cm

Material used MDF or Plywood :

18 mm – 122×244 cm"
1000228,Noah Armchair,https://anasghalion.com/product/noah-armchair/,Armchairs | Chairs | Wood Design Crafted,45.0,45.0,False,MDF/Plywood,18,92.0,78.0,73.0,W: 92 cm /  D :78 cm / D”Set : 58 cm / H : 73 cm +3 cm legs,11,https://anasghalion.com/wp-content/uploads/2026/05/1-12.jpg,0,"Dimensions:

W: 92 cm /  D :78 cm / D”Set : 58 cm / H : 73 cm +3 cm legs 

Material used :

MDF or Plywood –18 mm – 122×244 cm"
1000227,Tateyama  Sofa -S3,https://anasghalion.com/product/tateyama-sofa-s3/,Sofas | Wood Design Crafted,90.0,90.0,False,MDF/Plywood,15,290.0,,,MDF or Plywood -15 mm – 122×270 cm / W : 290 CM – W : 124 CM – D.SET :75 CM – H.BACK : 65+5 CM,13,https://anasghalion.com/wp-content/uploads/2026/05/1-7-1.jpg,0,"Material used :

MDF or Plywood -15 mm – 122×270 cm

The Dimensions : 

W : 290 CM – W : 124 CM – D.SET :75 CM – H.BACK : 65+5 CM"
1000226,Teop  Chair,https://anasghalion.com/product/teop-chair/,Armchairs | Chairs | Wood Design Crafted,40.0,40.0,False,MDF/Plywood,15,,,,,1,https://anasghalion.com/wp-content/uploads/2026/05/1-6-1.jpg,0,"The wooden structure of this sofa will be easy for you. Just place the design file on the CNC machine and you will easily have more than one copy quickly.

Material used :

MDF or Plywood -15 mm – 122×244 cm

After payment you will get the following files:

1-dxf files Drawing .

2- PDF file presentation of the installation method .

3- stl – obj – fbx – 3ds preview files .

If other files are needed, please inform us of your custom request ..

Thank you"
1000225,Orland Armchair,https://anasghalion.com/product/orland-armchair/,Armchairs | Chairs | Wood Design Crafted,40.0,40.0,False,MDF/Plywood,16,,,,,1,https://anasghalion.com/wp-content/uploads/2026/05/1-5.png,0,"The wooden structure of this sofa will be easy for you. Just place the design file on the CNC machine and you will easily have more than one copy quickly.

Material used :

MDF or Plywood – 16 mm– 1220×2440 mm

After payment you will get the following files:

1-dxf files Drawing .

2- PDF file presentation of the installation method .

3- stl – obj – fbx – 3ds preview files .

If other files are needed, please inform us of your custom request ..

Thank you"
1000224,Embrace Armchair,https://anasghalion.com/product/embrace-armchair/,Armchairs | Chairs | Wood Design Crafted,60.0,60.0,False,MDF/Plywood,18,,,,,1,https://anasghalion.com/wp-content/uploads/2026/05/1-5-1.jpg,0,"The wooden structure of this sofa will be easy for you. Just place the design file on the CNC machine and you will easily have more than one copy quickly.

Material used :

MDF or Plywood – 18 mm – 1220×2440 mm

After payment you will get the following files:

1-dxf files Drawing .

2- PDF file presentation of the installation method .

3- stl – obj – fbx – 3ds preview files .

If other files are needed, please inform us of your custom request ..

Thank you"
1000217,Rugiano Sofa,https://anasghalion.com/product/rugiano-sofa/,Sofas | Wood Design Crafted,80.0,80.0,False,MDF/Plywood,18,,,,,1,https://anasghalion.com/wp-content/uploads/2026/05/1-4-3.jpg,0,"The wooden structure of this sofa will be easy for you. Just place the design file on the CNC machine and you will easily have more than one copy quickly.

Material used :

MDF or Plywood -18 mm – 122×244 cm

MDF or Plywood -3 mm – 122×244 cm for back wood

After payment you will get the following files:

1-dxf files Drawing .

2- PDF file presentation of the installation method .

3- stl – obj – fbx – 3ds preview files .

If other files are needed, please inform us of your custom request ..

Thank you"
1000216,Abbracci Sofa,https://anasghalion.com/product/abbracci-sofa/,Sofas | Wood Design Crafted,80.0,80.0,False,MDF/Plywood,18,,,,sofa width ” 210 cm,1,https://anasghalion.com/wp-content/uploads/2026/05/1-3-2.jpg,0,"The wooden structure of this sofa will be easy for you. Just place the design file on the CNC machine and you will easily have more than one copy quickly.

Material used :

sofa width ” 210 cm

MDF or Plywood -18 mm – 1220×2440 mm

After payment you will get the following files:

1-dxf files Drawing .

2- PDF file presentation of the installation method .

3- stl – obj – fbx – 3ds preview files .

If other files are needed, please inform us of your custom request ..

Thank you"
1000201,yumi Sofa,https://anasghalion.com/product/yumi-sofa/,Sofas | Wood Design Crafted,90.0,90.0,False,MDF/Plywood,18,,,,,6,https://anasghalion.com/wp-content/uploads/2026/05/1-2-3.jpg,0,"The wooden structure of this sofa will be easy for you. Just place the design file on the CNC machine and you will easily have more than one copy quickly.

 

Material used :

MDF or Plywood -18 mm – 1220×2440mm

 

After payment you will get the following files:

1-dxf files Drawing .

2- PDF file presentation of the installation method .

3- stl – obj – fbx – 3ds preview files .

If other files are needed, please inform us of your custom request ..

Thank you"
1000200,Abbracci Armchair,https://anasghalion.com/product/abbracci-armchair/,Armchairs | Chairs | Wood Design Crafted,70.0,70.0,False,MDF/Plywood,16,,,,,1,https://anasghalion.com/wp-content/uploads/2026/05/1-11.jpg,0,"The wooden structure of this sofa will be easy for you. Just place the design file on the CNC machine and you will easily have more than one copy quickly.

Material used :

MDF or Plywood -16 mm – 122×244 cm

After payment you will get the following files:

1-dxf files Drawing .

2- PDF file presentation of the installation method .

3- stl – obj – fbx – 3ds preview files .

If other files are needed, please inform us of your custom request ..

Thank you"
1000199,Rita Sofa,https://anasghalion.com/product/rita-sofa/,Armchairs | Corner Sofas | Sofas | Wood Design Crafted,120.0,120.0,False,MDF/Plywood,12,,,,"330 x330 cm / W : 120+90 cm+120cm>corner / D : 120+90 cm+120cm>corner / D,Set : 110 cm / H,Back : 38+15 cm acc back",1,https://anasghalion.com/wp-content/uploads/2026/05/1-2-2.jpg,0,"The wooden structure of this sofa will be easy for you. Just place the design file on the CNC machine and you will easily have more than one copy quickly.

Material used :

MDF or Plywood -12 mm

The Dimension:

330 x330 cm

W : 120+90 cm+120cm>corner

D : 120+90 cm+120cm>corner

D,Set : 110 cm

H,Back : 38+15 cm acc back

After payment you will get the following files:

1-dxf files Drawing .

2- PDF file presentation of the installation method .

3- stl – obj – fbx – 3ds preview files .

If other files are needed, please inform us of your custom request ..

Thank you"
1000198,Cada Sofa,https://anasghalion.com/product/cada-sofa/,Armchairs | Corner Sofas | Sofas | Wood Design Crafted,120.0,120.0,False,MDF/Plywood,12,,,,,1,https://anasghalion.com/wp-content/uploads/2026/05/1-4.png,0,"The wooden structure of this sofa will be easy for you. Just place the design file on the CNC machine and you will easily have more than one copy quickly.

Material used :

MDF or Plywood -12 mm

After payment you will get the following files:

1-dxf files Drawing .

2- PDF file presentation of the installation method .

3- stl – obj – fbx – 3ds preview files .

If other files are needed, please inform us of your custom request ..

Thank you"
1000197,Elba Armchair,https://anasghalion.com/product/elba-armchair/,Armchairs | Chairs | Wood Design Crafted,70.0,70.0,False,MDF/Plywood,15,,,,,1,https://anasghalion.com/wp-content/uploads/2026/05/1-1-1.jpg,0,"The wooden structure of this sofa will be easy for you. Just place the design file on the CNC machine and you will easily have more than one copy quickly.

Material used :

MDF or Plywood -15 mm – 122×244 cm

After payment you will get the following files:

1-dxf files Drawing .

2- PDF file presentation of the installation method .

3- stl – obj – fbx – 3ds preview files .

If other files are needed, please inform us of your custom request ..

Thank you"
1000196,Ditre Bed,https://anasghalion.com/product/ditre-bed/,Beds | Wood Design Crafted,110.0,110.0,False,MDF/Plywood,15,,,,,1,https://anasghalion.com/wp-content/uploads/2026/05/1-10.jpg,0,"The wooden structure of this sofa will be easy for you. Just place the design file on the CNC machine and you will easily have more than one copy quickly.

Material used :

MDF or Plywood -15 mm -3mm – 1220×2440 mm

After payment you will get the following files:

1-dxf files Drawing .

2- PDF file presentation of the installation method .

3- stl – obj – fbx – 3ds preview files .

If other files are needed, please inform us of your custom request ..

Thank you"
1000195,Shell Bed,https://anasghalion.com/product/shell-bed/,Beds | Wood Design Crafted,110.0,110.0,False,MDF/Plywood,15,,,,,1,https://anasghalion.com/wp-content/uploads/2026/05/1-4-2.jpg,0,"The wooden structure of this sofa will be easy for you. Just place the design file on the CNC machine and you will easily have more than one copy quickly.

Material used :

MDF or Plywood -15 mm -3mm – 1220×2440 mm

After payment you will get the following files:

1-dxf files Drawing .

2- PDF file presentation of the installation method .

3- stl – obj – fbx – 3ds preview files .

If other files are needed, please inform us of your custom request ..

Thank you"
1000182,Tateyama  Sofa -S2,https://anasghalion.com/product/tateyama-sofa-s2/,Sofas | Wood Design Crafted,90.0,90.0,False,MDF/Plywood,15,,,,,6,https://anasghalion.com/wp-content/uploads/2026/05/1-3-1.jpg,0,"The wooden structure of this sofa will be easy for you. Just place the design file on the CNC machine and you will easily have more than one copy quickly.

Material used :

MDF or Plywood -15 mm – 1220×2440mm

After payment you will get the following files:

1-dxf files Drawing .

2- PDF file presentation of the installation method .

3- stl – obj – fbx – 3ds preview files .

If other files are needed, please inform us of your custom request ..

Thank you"
1000181,Tateyama Sofa S1-C,https://anasghalion.com/product/tateyama-sofa-s1-c/,Sofas | Wood Design Crafted,90.0,90.0,False,MDF/Plywood,15,,,,,1,https://anasghalion.com/wp-content/uploads/2026/05/1-2-1.jpg,0,"The wooden structure of this sofa will be easy for you. Just place the design file on the CNC machine and you will easily have more than one copy quickly.

Material used :

MDF or Plywood -15 mm – 1220×2440mm

After payment you will get the following files:

1-dxf files Drawing .

2- PDF file presentation of the installation method .

3- stl – obj – fbx – 3ds preview files .

If other files are needed, please inform us of your custom request ..

Thank you"
1000180,Valletta Bed,https://anasghalion.com/product/valletta-bed/,Beds | Wood Design Crafted,110.0,110.0,False,MDF/Plywood,15,,,,,1,https://anasghalion.com/wp-content/uploads/2026/05/1-1-scaled-6.jpg,0,"The wooden structure of this sofa will be easy for you. Just place the design file on the CNC machine and you will easily have more than one copy quickly.

Material used :

MDF or Plywood -15 mm -3mm – 1220×2750mm

After payment you will get the following files:

1-dxf files Drawing .

2- PDF file presentation of the installation method .

3- stl – obj – fbx – 3ds preview files .

If other files are needed, please inform us of your custom request ..

Thank you"
1000179,Shirley Armchair,https://anasghalion.com/product/shirley-armchair/,Armchairs | Chairs | Wood Design Crafted,80.0,80.0,False,MDF/Plywood,15,,,,,1,https://anasghalion.com/wp-content/uploads/2026/05/1-3.png,0,"The wooden structure of this sofa will be easy for you. Just place the design file on the CNC machine and you will easily have more than one copy quickly.

Material used :

MDF or Plywood -15 mm- 1220×2440 mm

After payment you will get the following files:

1-dxf files Drawing .

2- PDF file presentation of the installation method .

3- stl – obj – fbx – 3ds preview files .

If other files are needed, please inform us of your custom request ..

Thank you"
1000178,Nicxon Armchair,https://anasghalion.com/product/nicxon-armchair/,Armchairs | Chairs | Wood Design Crafted,70.0,70.0,False,MDF/Plywood,18,,,,,1,https://anasghalion.com/wp-content/uploads/2026/05/1.jpg,0,"The wooden structure of this sofa will be easy for you. Just place the design file on the CNC machine and you will easily have more than one copy quickly.

Material used :

MDF or Plywood -18 mm – 1220×2440 mm

After payment you will get the following files:

1-dxf files Drawing .

2- PDF file presentation of the installation method .

3- stl – obj – fbx – 3ds preview files .

If other files are needed, please inform us of your custom request ..

Thank you"
1000177,Brice Sofa,https://anasghalion.com/product/brice-sofa/,Sofas | Wood Design Crafted,80.0,80.0,False,MDF/Plywood,18,,,,sofa width ” 210 cm,1,https://anasghalion.com/wp-content/uploads/2026/05/1-9.jpg,0,"The wooden structure of this sofa will be easy for you. Just place the design file on the CNC machine and you will easily have more than one copy quickly.

Material used :

sofa width ” 210 cm

MDF or Plywood -18 mm – 1220×2440 mm

After payment you will get the following files:

1-dxf files Drawing .

2- PDF file presentation of the installation method .

3- stl – obj – fbx – 3ds preview files .

If other files are needed, please inform us of your custom request ..

Thank you"
1000176,kreslo Chair,https://anasghalion.com/product/kreslo-chair/,Armchairs | Chairs | Wood Design Crafted,70.0,70.0,False,MDF/Plywood,15,,,,,1,https://anasghalion.com/wp-content/uploads/2026/05/1-8.jpg,0,"The wooden structure of this sofa will be easy for you. Just place the design file on the CNC machine and you will easily have more than one copy quickly.

Material used :

MDF or Plywood -15 mm – 1220×2440 mm

After payment you will get the following files:

1-dxf files Drawing .

2- PDF file presentation of the installation method .

3- stl – obj – fbx – 3ds preview files .

If other files are needed, please inform us of your custom request ..

Thank you"
1000175,Bubble  Armchair,https://anasghalion.com/product/bubble-armchair/,Armchairs | Chairs | Wood Design Crafted,70.0,70.0,False,MDF/Plywood,15,,,,,1,https://anasghalion.com/wp-content/uploads/2026/05/1-7.jpg,0,"The wooden structure of this sofa will be easy for you. Just place the design file on the CNC machine and you will easily have more than one copy quickly.

Material used :

MDF or Plywood -15 mm – 122×244 cm

frame legs 50mm – oak wood

3 mm– 1220×2440 mm for Bcak.

After payment you will get the following files:

1-dxf files Drawing .

2- PDF file presentation of the installation method .

3- stl – obj – fbx – 3ds preview files .

If other files are needed, please inform us of your custom request ..

Thank you"
1000174,BOL  Armchair,https://anasghalion.com/product/bol-armchair/,Armchairs | Chairs | Wood Design Crafted,70.0,70.0,False,MDF/Plywood,15,,,,,1,https://anasghalion.com/wp-content/uploads/2026/05/1-6.jpg,0,"The wooden structure of this sofa will be easy for you. Just place the design file on the CNC machine and you will easily have more than one copy quickly.

Material used :

MDF or Plywood -15 mm – 122×244 cm

frame legs 50mm – oak wood

3 mm– 1220×2440 mm for Bcak.

After payment you will get the following files:

1-dxf files Drawing .

2- PDF file presentation of the installation method .

3- stl – obj – fbx – 3ds preview files .

If other files are needed, please inform us of your custom request ..

Thank you"
1000173,CONQ Armchair,https://anasghalion.com/product/conq-armchair/,Armchairs | Chairs | Wood Design Crafted,70.0,70.0,False,MDF/Plywood,12,,,,,1,https://anasghalion.com/wp-content/uploads/2026/05/1-5.jpg,0,"The wooden structure of this sofa will be easy for you. Just place the design file on the CNC machine and you will easily have more than one copy quickly.

Material used :

MDF or Plywood -12 mm – 122×244 cm

3 mm– 1220×2440 mm for Bcak.

After payment you will get the following files:

1-dxf files Drawing .

2- PDF file presentation of the installation method .

3- stl – obj – fbx – 3ds preview files .

If other files are needed, please inform us of your custom request ..

Thank you"
1000172,Sivan Armchair,https://anasghalion.com/product/sivan-armchair/,Armchairs | Chairs | Wood Design Crafted,70.0,70.0,False,MDF/Plywood,18,,,,,1,https://anasghalion.com/wp-content/uploads/2026/05/1-4-1.jpg,0,"The wooden structure of this sofa will be easy for you. Just place the design file on the CNC machine and you will easily have more than one copy quickly.

Material used :

MDF or Plywood -18 mm -– 1220×2440 mm

After payment you will get the following files:

1-dxf files Drawing .

2- PDF file presentation of the installation method .

3- stl – obj – fbx – 3ds preview files .

If other files are needed, please inform us of your custom request ..

Thank you"
1000171,Carino Armchair,https://anasghalion.com/product/carino-armchair/,Armchairs | Chairs | Wood Design Crafted,50.0,50.0,False,MDF/Plywood,15,,,,,1,https://anasghalion.com/wp-content/uploads/2026/05/1-3.jpg,0,"The wooden structure of this sofa will be easy for you. Just place the design file on the CNC machine and you will easily have more than one copy quickly.

Material used :

MDF or Plywood -15 mm – 122×244 cm

3 mm– 1220×2440 mm for Bcak.

After payment you will get the following files:

1-dxf files Drawing .

2- PDF file presentation of the installation method .

3- stl – obj – fbx – 3ds preview files .

If other files are needed, please inform us of your custom request ..

Thank you"
1000170,Maud Armchair,https://anasghalion.com/product/maud-armchair/,Armchairs | Chairs | Wood Design Crafted,70.0,70.0,False,MDF/Plywood,12,,,,MDF or Plywood -12 mm–122x244cm,1,https://anasghalion.com/wp-content/uploads/2026/05/1-2.jpg,0,"The wooden structure of this sofa will be easy for you. Just place the design file on the CNC machine and you will easily have more than one copy quickly.

Material used :

MDF or Plywood -12 mm–122x244cm

3 o r5 mm– 1220×2440 mm for back

After payment you will get the following files:

1-dxf files Drawing .

2- PDF file presentation of the installation method .

3- stl – obj – fbx – 3ds preview files .

If other files are needed, please inform us of your custom request ..

Thank you"
1000169,Tilar cozy Armchair,https://anasghalion.com/product/tilar-cozy-armchair/,Armchairs | Chairs | Wood Design Crafted,60.0,60.0,False,MDF/Plywood,18,,,,MDF or Plywood -18 mm – 1830×3660 mm,1,https://anasghalion.com/wp-content/uploads/2026/05/1-1.jpg,0,"The wooden structure of this sofa will be easy for you. Just place the design file on the CNC machine and you will easily have more than one copy quickly.

Material used :

MDF or Plywood -18 mm – 1830×3660 mm

After payment you will get the following files:

1-dxf files Drawing .

2- PDF file presentation of the installation method .

3- stl – obj – fbx – 3ds preview files .

If other files are needed, please inform us of your custom request ..

Thank you"
1000154,Megan Armchair,https://anasghalion.com/product/megan-armchair/,Armchairs | Chairs | Wood Design Crafted,40.0,40.0,False,MDF/Plywood,14,,,,,1,https://anasghalion.com/wp-content/uploads/2026/05/1-scaled-1.jpg,0,"The wooden structure of this sofa will be easy for you. Just place the design file on the CNC machine and you will easily have more than one copy quickly.

Material used :

MDF or Plywood -14 mm -3 mm– 1220×2440 mm

After payment you will get the following files:

1-dxf files Drawing .

2- PDF file presentation of the installation method .

3- stl – obj – fbx – 3ds preview files .

If other files are needed, please inform us of your custom request ..

Thank you"
1000153,Brice Chair,https://anasghalion.com/product/brice-chair/,Armchairs | Chairs | Wood Design Crafted,70.0,70.0,False,MDF/Plywood,18,,,,MDF or Plywood -18 mm – 122 x 244 cm / new model  :  Sofa 210  cm – New ADD,1,https://anasghalion.com/wp-content/uploads/2026/05/1-22-scaled-1.jpg,0,"The wooden structure of this sofa will be easy for you. Just place the design file on the CNC machine and you will easily have more than one copy quickly.

Material used :

MDF or Plywood -18 mm – 122 x 244 cm

new model  :  Sofa 210  cm – New ADD

After payment you will get the following files:

1-dxf files Drawing .

2- PDF file presentation of the installation method .

3- stl – obj – fbx – 3ds preview files .

If other files are needed, please inform us of your custom request ..

Thank you"
1000152,Gianfranco Sofa,https://anasghalion.com/product/gianfranco-sofa/,Sofas | Wood Design Crafted,80.0,80.0,False,MDF/Plywood,18,,,,200 x 90 cm  1 pcs / MDF or Plywood -18 mm – 183×366 cm,1,https://anasghalion.com/wp-content/uploads/2026/05/1-1-1-scaled-1.jpg,0,"The wooden structure of this sofa will be easy for you. Just place the design file on the CNC machine and you will easily have more than one copy quickly.

Corner Sofa size:

200 x 90 cm  1 pcs

Material used :

MDF or Plywood -18 mm – 183×366 cm

After payment you will get the following files:

1-dxf files Drawing .

2- PDF file presentation of the installation method .

3- stl – obj – fbx – 3ds preview files .

If other files are needed, please inform us of your custom request ..

Thank you"
1000151,Bjorn Corner Sofa,https://anasghalion.com/product/bjorn-corner-sofa/,Corner Sofas | Sofas | Wood Design Crafted,110.0,110.0,False,MDF/Plywood,12,,,,270 x 270 cm – wood 12 mm / 200 x 250 cm – wood 18 mm / 300 x 260 cm – wood 18 mm / MDF or Plywood -18 mm – 183×366 cm / MDF or Plywood -12mm – 122x244cm,1,https://anasghalion.com/wp-content/uploads/2026/05/1-21-scaled-1.jpg,0,"The wooden structure of this sofa will be easy for you. Just place the design file on the CNC machine and you will easily have more than one copy quickly.

Corner Sofa size:

270 x 270 cm – wood 12 mm

200 x 250 cm – wood 18 mm

300 x 260 cm – wood 18 mm

Material used :

MDF or Plywood -18 mm – 183×366 cm

MDF or Plywood -12mm – 122x244cm

 

After payment you will get the following files:

1-dxf files Drawing .

2- PDF file presentation of the installation method .

3- stl – obj – fbx – 3ds preview files .

If other files are needed, please inform us of your custom request ..

Thank you"
1000150,Parma Armchair,https://anasghalion.com/product/parma-armchair/,Armchairs | Chairs | Wood Design Crafted,40.0,40.0,False,MDF/Plywood,18,,,,,1,https://anasghalion.com/wp-content/uploads/2026/05/1-20-scaled-1.jpg,0,"The wooden structure of this sofa will be easy for you. Just place the design file on the CNC machine and you will easily have more than one copy quickly.

Material used :

MDF or Plywood -18 mm  & 3 mm– 1220×2440 mm

After payment you will get the following files:

1-dxf files Drawing .

2- PDF file presentation of the installation method .

3- stl – obj – fbx – 3ds preview files .

If other files are needed, please inform us of your custom request ..

Thank you"
1000149,Scandi Sofa  & Armchair,https://anasghalion.com/product/scandi-sofa-armchair/,Armchairs | Chairs | Sofas | Wood Design Crafted,120.0,120.0,False,MDF/Plywood,15,,,,Sofa 3set :240 cm / Sofa 2set :185 cm / Armchair : 85 cm,1,https://anasghalion.com/wp-content/uploads/2026/05/1-8.png,0,"The wooden structure of this sofa will be easy for you. Just place the design file on the CNC machine and you will easily have more than one copy quickly.

Sofa 3set :240 cm

Sofa 2set :185 cm

Armchair : 85 cm

Material used :

MDF or Plywood -15 mm – 1220×2440 mm

After payment you will get the following files:

1-dxf files Drawing .

2- PDF file presentation of the installation method .

3- stl – obj – fbx – 3ds preview files .

If other files are needed, please inform us of your custom request ..

Thank you"
1000148,Brando Sofa,https://anasghalion.com/product/brando-sofa/,Armchairs | Sofas | Wood Design Crafted,110.0,110.0,False,MDF/Plywood,18,240.0,,,Sofa width : 240 cm / Sofa width : 160 cm,1,https://anasghalion.com/wp-content/uploads/2026/05/1-19-scaled-1.jpg,0,"The wooden structure of this sofa will be easy for you. Just place the design file on the CNC machine and you will easily have more than one copy quickly.

Sofa width : 240 cm

Sofa width : 160 cm

Material used :

MDF or Plywood -18 mm

After payment you will get the following files:

1-dxf files Drawing .

2- PDF file presentation of the installation method .

3- stl – obj – fbx – 3ds preview files .

If other files are needed, please inform us of your custom request ..

Thank you"
1000147,Inspire Chair,https://anasghalion.com/product/inspire-chair/,Armchairs | Chairs | Wood Design Crafted,70.0,70.0,False,MDF/Plywood,18,,,,,6,https://anasghalion.com/wp-content/uploads/2026/05/1-2-scaled-4.jpg,0,"The wooden structure of this sofa will be easy for you. Just place the design file on the CNC machine and you will easily have more than one copy quickly.

Material used :

MDF or Plywood -18 mm – 1220×2440 mm

After payment you will get the following files:

1-dxf files Drawing .

2- PDF file presentation of the installation method .

3- stl – obj – fbx – 3ds preview files .

If other files are needed, please inform us of your custom request ..

Thank you"
1000146,Lacoon Sofa,https://anasghalion.com/product/lacoon-sofa/,Armchairs | Chairs | Sofas | Wood Design Crafted,120.0,120.0,False,MDF/Plywood,15,,,,,8,https://anasghalion.com/wp-content/uploads/2026/05/1-1-scaled-5.jpg,0,"The wooden structure of this sofa will be easy for you. Just place the design file on the CNC machine and you will easily have more than one copy quickly.

Material used :

 

MDF or Plywood -15 mm – 1220×2440 mm

After payment you will get the following files:

 

1-dxf files Drawing .

 

2- PDF file presentation of the installation method .

 

3- stl – obj – fbx – 3ds preview files .

 

If other files are needed, please inform us of your custom request ..

 

Thank you"
1000145,Apollo Sofa,https://anasghalion.com/product/apollo-sofa/,Sofas | Wood Design Crafted,90.0,90.0,False,MDF/Plywood,15,,,,,6,https://anasghalion.com/wp-content/uploads/2026/05/1-scaled-5.jpg,0,"The wooden structure of this sofa will be easy for you. Just place the design file on the CNC machine and you will easily have more than one copy quickly.

Material used :

MDF or Plywood -15 mm – 1220×2700 mm

After payment you will get the following files:

1-dxf files Drawing .

2- PDF file presentation of the installation method .

3- stl – obj – fbx – 3ds preview files .

If other files are needed, please inform us of your custom request ..

Thank you"
1000144,Glam Sectional Sofa  + Pacha Chair Free,https://anasghalion.com/product/glam-sectional-sofa-pacha-chair-free/,Armchairs | Chairs | Corner Sofas | Sets & Bundles | Sofas | Wood Design Crafted,110.0,110.0,False,MDF/Plywood,18,,,,,1,https://anasghalion.com/wp-content/uploads/2026/05/1-3-scaled-2.jpg,0,"The wooden structure of this sofa will be easy for you. Just place the design file on the CNC machine and you will easily have more than one copy quickly.

Material used :

MDF or Plywood :

Sofa = 18 mm -3 mm– 1220×2440 mm

Chair = 15mm

After payment you will get the following files:

1-dxf files Drawing .

2- PDF file presentation of the installation method .

3- stl – obj – fbx – 3ds preview files .

If other files are needed, please inform us of your custom request ..

Thank you"
1000143,Celine Armchair,https://anasghalion.com/product/celine-armchair/,Armchairs | Chairs | Wood Design Crafted,70.0,70.0,False,MDF/Plywood,18,,,,,1,https://anasghalion.com/wp-content/uploads/2026/05/1-2-scaled-3.jpg,0,"The wooden structure of this sofa will be easy for you. Just place the design file on the CNC machine and you will easily have more than one copy quickly.

Material used :

MDF or Plywood – 18mm -1220×2440 mm

After payment you will get the following files:

1-dxf files Drawing .

2- PDF file presentation of the installation method .

3- stl – obj – fbx – 3ds preview files .

If other files are needed, please inform us of your custom request ..

Thank you"
1000130,Calais Chair,https://anasghalion.com/product/calais-chair/,Armchairs | Chairs | Wood Design Crafted,60.0,60.0,False,MDF/Plywood,15,,,,,1,https://anasghalion.com/wp-content/uploads/2026/05/1-1-scaled-4.jpg,0,"The wooden structure of this sofa will be easy for you. Just place the design file on the CNC machine and you will easily have more than one copy quickly.

Material used :

MDF or Plywood -15mm-1220×2440 mm

After payment you will get the following files:

1-dxf files Drawing .

2- PDF file presentation of the installation method .

3- stl – obj – fbx – 3ds preview files .

If other files are needed, please inform us of your custom request ..

Thank you"
1000129,Aero Chair,https://anasghalion.com/product/aero-chair/,Armchairs | Chairs | Wood Design Crafted,60.0,60.0,False,MDF/Plywood,18,,,,,1,https://anasghalion.com/wp-content/uploads/2026/05/1-scaled-4.jpg,0,"The wooden structure of this sofa will be easy for you. Just place the design file on the CNC machine and you will easily have more than one copy quickly.

Material used :

MDF or Plywood -18 mm -3 mm– 1220×2440 mm

After payment you will get the following files:

1-dxf files Drawing .

2- PDF file presentation of the installation method .

3- stl – obj – fbx – 3ds preview files .

If other files are needed, please inform us of your custom request ..

Thank you"
1000128,Oroa Armchair,https://anasghalion.com/product/oroa-armchair/,Armchairs | Chairs | Wood Design Crafted,70.0,70.0,False,MDF/Plywood,18,,,,,1,https://anasghalion.com/wp-content/uploads/2026/05/ARMCHIREPOF_-1-scaled-1.jpg,0,"The wooden structure of this sofa will be easy for you. Just place the design file on the CNC machine and you will easily have more than one copy quickly.

Material used :

MDF or Plywood – 18 mm– 1220×2440 mm

After payment you will get the following files:

1-dxf files Drawing .

2- PDF file presentation of the installation method .

3- stl – obj – fbx – 3ds preview files .

If other files are needed, please inform us of your custom request ..

Thank you"
1000127,Cornelio Hug chair,https://anasghalion.com/product/cornelio-hug-chair/,Armchairs | Chairs | Wood Design Crafted,50.0,50.0,False,MDF/Plywood,18,,,,,1,https://anasghalion.com/wp-content/uploads/2026/05/COR-2-scaled-1.jpg,0,"The wooden structure of this sofa will be easy for you. Just place the design file on the CNC machine and you will easily have more than one copy quickly.

Material used :

MDF or Plywood -18mm – 1220×2440 mm

After payment you will get the following files:

1-dxf files Drawing .

2- PDF file presentation of the installation method .

3- stl – obj – fbx – 3ds preview files .

If other files are needed, please inform us of your custom request ..

Thank you"
1000118,Mirag Chair,https://anasghalion.com/product/mirag-chair/,Armchairs | Chairs | Wood Design Crafted,50.0,50.0,False,MDF/Plywood,14,,,,,1,https://anasghalion.com/wp-content/uploads/2026/05/ee1-1.png,0,"The wooden structure of this sofa will be easy for you. Just place the design file on the CNC machine and you will easily have more than one copy quickly.

Material used :

MDF or Plywood -14mm – 1220×2440 mm

After payment you will get the following files:

1-dxf files Drawing .

2- PDF file presentation of the installation method .

3- stl – obj – fbx – 3ds preview files .

If other files are needed, please inform us of your custom request ..

Thank you"
1000117,Tivoli Sofa,https://anasghalion.com/product/tivoli-sofa/,Sofas | Wood Design Crafted,110.0,110.0,False,MDF/Plywood,18,,,,Width Sofa : 244cm,1,https://anasghalion.com/wp-content/uploads/2026/05/1-2-scaled-2.jpg,0,"The wooden structure of this sofa will be easy for you. Just place the design file on the CNC machine and you will easily have more than one copy quickly.

Width Sofa : 244cm

Material used :

MDF or Plywood

18mm – 1220×2440 mm

OR

15mm – 1220×2440 mm

 

After payment you will get the following files:

1-dxf files Drawing .

2- PDF file presentation of the installation method .

3- stl – obj – fbx – 3ds preview files .

If other files are needed, please inform us of your custom request ..

Thank you"
1000116,Clarisa Chair,https://anasghalion.com/product/clarisa-chair/,Armchairs | Chairs | Wood Design Crafted,50.0,50.0,False,MDF/Plywood,18,,,,,1,https://anasghalion.com/wp-content/uploads/2026/05/1-1-scaled-3.jpg,0,"The wooden structure of this sofa will be easy for you. Just place the design file on the CNC machine and you will easily have more than one copy quickly.

Material used :

MDF or Plywood -18 mm – 1220×2440 mm

After payment you will get the following files:

1-dxf files Drawing .

2- PDF file presentation of the installation method .

3- stl – obj – fbx – 3ds preview files .

If other files are needed, please inform us of your custom request ..

Thank you"
1000115,Catene Chair,https://anasghalion.com/product/catene-chair/,Armchairs | Chairs | Wood Design Crafted,50.0,50.0,False,MDF/Plywood,18,,,,,1,https://anasghalion.com/wp-content/uploads/2026/05/1-scaled-3.jpg,0,"The wooden structure of this sofa will be easy for you. Just place the design file on the CNC machine and you will easily have more than one copy quickly.

Material used :

MDF or Plywood -18mm – 1220×2440 mm

After payment you will get the following files:

1-dxf files Drawing .

2- PDF file presentation of the installation method .

3- stl – obj – fbx – 3ds preview files .

If other files are needed, please inform us of your custom request ..

Thank you"
1000114,Roxy Sofa,https://anasghalion.com/product/roxy-sofa/,Sofas | Wood Design Crafted,90.0,90.0,False,MDF/Plywood,18,,,,MDF or Plywood -18 mm – 1700×2200 mm,1,https://anasghalion.com/wp-content/uploads/2026/05/SOFA-ROXY-PRE_6-1-scaled-1.jpg,0,"The wooden structure of this sofa will be easy for you. Just place the design file on the CNC machine and you will easily have more than one copy quickly.

Material used :

MDF or Plywood -18 mm – 1700×2200 mm

After payment you will get the following files:

1-dxf files Drawing .

2- PDF file presentation of the installation method .

3- stl – obj – fbx – 3ds preview files .

If other files are needed, please inform us of your custom request ..

Thank you"
1000113,Rene Sofa,https://anasghalion.com/product/rene-sofa/,Sofas | Wood Design Crafted,130.0,130.0,False,MDF/Plywood,12,,,,1- 390 x 330 cm – wood 12 mm / 2- 390 x 330 cm – wood 16 mm / 3- 270 x 300 cm -wood 18mm / 4- 430 x 430 cm – wood 18mm,1,https://anasghalion.com/wp-content/uploads/2026/05/RENE-sofa-1-scaled-1.jpg,0,"The wooden structure of this sofa will be easy for you. Just place the design file on the CNC machine and you will easily have more than one copy quickly.

sofas szie :

1- 390 x 330 cm – wood 12 mm

2- 390 x 330 cm – wood 16 mm

3- 270 x 300 cm -wood 18mm

4- 430 x 430 cm – wood 18mm

Material used :

MDF or Plywood -18 mm – 1220×2440 mm

After payment you will get the following files:

1-dxf files Drawing .

2- PDF file presentation of the installation method .

3- stl – obj – fbx – 3ds preview files .

If other files are needed, please inform us of your custom request ..

Thank you"
1000112,Modular Sofa Ribble,https://anasghalion.com/product/modular-sofa-ribble/,Sofas | Wood Design Crafted,130.0,130.0,False,MDF/Plywood,18,,,,,1,https://anasghalion.com/wp-content/uploads/2026/05/1-5-scaled-1.jpg,0,"The wooden structure of this sofa will be easy for you. Just place the design file on the CNC machine and you will easily have more than one copy quickly.

Material used :

MDF or Plywood -18 mm – 1220×2440 mm

After payment you will get the following files:

1-dxf files Drawing .

2- PDF file presentation of the installation method .

3- stl – obj – fbx – 3ds preview files .

If other files are needed, please inform us of your custom request ..

Thank you"
1000111,Table Coffee,https://anasghalion.com/product/table-coffee/,Tables | Wood Design Crafted,70.0,70.0,False,MDF/Plywood,18,,,,,1,https://anasghalion.com/wp-content/uploads/2026/05/1-4-scaled-1.jpg,0,"The wooden structure of this sofa will be easy for you. Just place the design file on the CNC machine and you will easily have more than one copy quickly.

Material used :

MDF or Plywood -18 mm -3mm – 1220×2440 mm

After payment you will get the following files:

1-dxf files Drawing .

2- PDF file presentation of the installation method .

3- stl – obj – fbx – 3ds preview files .

If other files are needed, please inform us of your custom request ..

Thank you"
1000110,Sofa Custom,https://anasghalion.com/product/sofa-custom/,Sofas | Wood Design Crafted,80.0,80.0,False,MDF/Plywood,18,,,,,1,https://anasghalion.com/wp-content/uploads/2026/05/Sofa-Custom-Order-1-scaled-1.jpg,0,"The wooden structure of this sofa will be easy for you. Just place the design file on the CNC machine and you will easily have more than one copy quickly.

Material used :

MDF or Plywood -18 mm -3 mm – 1220×2440 mm

After payment you will get the following files:

1-dxf files Drawing .

2- PDF file presentation of the installation method .

3- stl – obj – fbx – 3ds preview files .

If other files are needed, please inform us of your custom request ..

Thank you"
1000109,Mad Armchair,https://anasghalion.com/product/mad-armchair/,Armchairs | Chairs | Wood Design Crafted,60.0,60.0,False,MDF/Plywood,18,,,,MDF or Plywood -18 mm – 1830×3660 mm,1,https://anasghalion.com/wp-content/uploads/2026/05/1-3-scaled-1.jpg,0,"The wooden structure of this sofa will be easy for you. Just place the design file on the CNC machine and you will easily have more than one copy quickly.

Material used :

MDF or Plywood -18 mm – 1830×3660 mm

After payment you will get the following files:

1-dxf files Drawing .

2- PDF file presentation of the installation method .

3- stl – obj – fbx – 3ds preview files .

If other files are needed, please inform us of your custom request ..

Thank you"
1000108,Aria Armchair,https://anasghalion.com/product/aria-armchair/,Armchairs | Chairs | Wood Design Crafted,70.0,70.0,False,MDF/Plywood,13,,,,,1,https://anasghalion.com/wp-content/uploads/2026/05/1-2-scaled-1.jpg,0,"The wooden structure of this sofa will be easy for you. Just place the design file on the CNC machine and you will easily have more than one copy quickly.

Material used :

MDF or Plywood -13 mm -3 mm– 1220×2440 mm

After payment you will get the following files:

1-dxf files Drawing .

2- PDF file presentation of the installation method .

3- stl – obj – fbx – 3ds preview files .

If other files are needed, please inform us of your custom request ..

Thank you"
1000107,Supermoon Bed,https://anasghalion.com/product/supermoon-bed/,Beds | Wood Design Crafted,70.0,70.0,False,MDF/Plywood,10,,,,,1,https://anasghalion.com/wp-content/uploads/2026/05/Supermoon-Bed-1-scaled-1.jpg,0,"The wooden structure of this sofa will be easy for you. Just place the design file on the CNC machine and you will easily have more than one copy quickly.

Material used :

MDF or Plywood -10 mm -3mm – 1220×2440 mm

After payment you will get the following files:

1-dxf files Drawing .

2- PDF file presentation of the installation method .

3- stl – obj – fbx – 3ds preview files .

If other files are needed, please inform us of your custom request ..

Thank you"
1000106,Faux Leather sofa,https://anasghalion.com/product/faux-leather-sofa/,Sofas | Wood Design Crafted,90.0,90.0,False,MDF/Plywood,18,290.0,,,240 cm  width / 290 cm  width / MDF or Plywood -18mm – 1830×3660 mm,1,https://anasghalion.com/wp-content/uploads/2026/05/1-1-scaled-2.jpg,0,"The wooden structure of this sofa will be easy for you. Just place the design file on the CNC machine and you will easily have more than one copy quickly.

Material used :

2 size :

240 cm  width

290 cm  width

 

MDF or Plywood -18mm – 1830×3660 mm

After payment you will get the following files:

1-dxf files Drawing .

2- PDF file presentation of the installation method .

3- stl – obj – fbx – 3ds preview files .

If other files are needed, please inform us of your custom request ..

Thank you"
1000105,Voloshin Sofa,https://anasghalion.com/product/voloshin-sofa/,Sofas | Wood Design Crafted,70.0,70.0,False,MDF/Plywood,15,,,,,1,https://anasghalion.com/wp-content/uploads/2026/05/Voloshin-Sofa-3-scaled-1.jpg,0,"The wooden structure of this sofa will be easy for you. Just place the design file on the CNC machine and you will easily have more than one copy quickly.

Material used :

MDF or Plywood -15 mm – 3mm for back –

sheet size >>1220×2440 mm

After payment you will get the following files:

1-dxf files Drawing .

2- PDF file presentation of the installation method .

3- stl – obj – fbx – 3ds preview files .

If other files are needed, please inform us of your custom request ..

Thank you"
1000104,Shinto Sofa,https://anasghalion.com/product/shinto-sofa/,Sofas | Wood Design Crafted,70.0,70.0,False,MDF/Plywood,12,,,,,1,https://anasghalion.com/wp-content/uploads/2026/05/Sofa-Shinto-1-scaled-1.jpg,0,"The wooden structure of this sofa will be easy for you. Just place the design file on the CNC machine and you will easily have more than one copy quickly.

Material used :

MDF or Plywood -18 &12mm – 1220×2440 mm

After payment you will get the following files:

1-dxf files Drawing .

2- PDF file presentation of the installation method .

3- stl – obj – fbx – 3ds preview files .

If other files are needed, please inform us of your custom request ..

Thank you"
1000103,Groovy Swivel Chair,https://anasghalion.com/product/groovy-swivel-chair/,Armchairs | Chairs | Wood Design Crafted,70.0,70.0,False,MDF/Plywood,18,,,,,1,https://anasghalion.com/wp-content/uploads/2026/05/Groovy-Swivel-Chair-1-scaled-1.jpg,0,"The wooden structure of this sofa will be easy for you. Just place the design file on the CNC machine and you will easily have more than one copy quickly.

Material used :

MDF or Plywood -18 mm – 1220×2440 mm

After payment you will get the following files:

1-dxf files Drawing .

2- PDF file presentation of the installation method .

3- stl – obj – fbx – 3ds preview files .

If other files are needed, please inform us of your custom request ..

Thank you"
1000102,GUBI Pacha Chair,https://anasghalion.com/product/gubi-pacha-chair/,Chairs | Wood Design Crafted,60.0,60.0,False,MDF/Plywood,15,,,,,1,https://anasghalion.com/wp-content/uploads/2026/05/GUBI-CHAIR-1-scaled-1.jpg,0,"The wooden structure of this sofa will be easy for you. Just place the design file on the CNC machine and you will easily have more than one copy quickly.

Material used :

MDF or Plywood -15 mm – 1220×2440 mm

After payment you will get the following files:

1-dxf files Drawing .

2- PDF file presentation of the installation method .

3- stl – obj – fbx – 3ds preview files .

If other files are needed, please inform us of your custom request ..

Thank you"
1000101,Pop Sofa,https://anasghalion.com/product/pop-sofa/,Sofas | Wood Design Crafted,120.0,120.0,False,MDF/Plywood,14,,,,,1,https://anasghalion.com/wp-content/uploads/2026/05/popp-1-scaled-1.jpg,0,"The wooden structure of this sofa will be easy for you. Just place the design file on the CNC machine and you will easily have more than one copy quickly.

Material used :

MDF or Plywood -14 mm – 1220×2440 mm

After payment you will get the following files:

1-dxf files Drawing .

2- PDF file presentation of the installation method .

3- stl – obj – fbx – 3ds preview files .

If other files are needed, please inform us of your custom request ..

Thank you"
1000100,Saint Germain,https://anasghalion.com/product/saint-germain/,Sofas | Wood Design Crafted,120.0,120.0,False,MDF/Plywood,14,,,,,1,https://anasghalion.com/wp-content/uploads/2026/05/1-scaled-2.jpg,0,"The wooden structure of this sofa will be easy for you. Just place the design file on the CNC machine and you will easily have more than one copy quickly.

Material used :

14 mm & 15 mm  : 2 size wood

MDF or Plywood -14 mm – 1220×2440 mm

After payment you will get the following files:

1-dxf files Drawing .

2- PDF file presentation of the installation method .

3- stl – obj – fbx – 3ds preview files .

If other files are needed, please inform us of your custom request ..

Thank you"
1000099,Nordic ( Sofa & Armchair ),https://anasghalion.com/product/nordic-sofa-armchair/,Armchairs | Chairs | Sofas | Wood Design Crafted,130.0,130.0,False,MDF/Plywood,14,,,,1-Sofa 235cm. / 3-Sofa Corner. 225 cm / 4- sofa 300 cm,1,https://anasghalion.com/wp-content/uploads/2026/05/1-1-scaled-1.jpg,0,"1-Sofa 235cm.

2-Armchair single.

3-Sofa Corner. 225 cm

4- sofa 300 cm

The wooden structure of this sofa will be easy for you. Just place the design file on the CNC machine and you will easily have more than one copy quickly.

Material used :

MDF or Plywood -14 mm – 1220×2440 mm

After payment you will get the following files:

1-dxf files Drawing .

2- PDF file presentation of the installation method .

3- stl – obj – fbx – 3ds preview files .

If other files are needed, please inform us of your custom request ..

Thank you"
1000098,BOLZANO SOFA,https://anasghalion.com/product/bolzano-sofa/,Sofas | Wood Design Crafted,90.0,90.0,False,MDF/Plywood,18,,,,150 CM  . / 210 CM  .,1,https://anasghalion.com/wp-content/uploads/2026/05/BOLZANO-1-scaled-1.jpg,0,"AVAILABLE  2 SIZE :
150 CM  .
210 CM  .
The wooden structure of this sofa will be easy for you. Just place the design file on the CNC machine and you will easily have more than one copy quickly.

Material used :

MDF or Plywood -18 mm – 1220×2440 mm

After payment you will get the following files:

1-dxf files Drawing .

2- PDF file presentation of the installation method .

3- stl – obj – fbx – 3ds preview files .

If other files are needed, please inform us of your custom request ..

Thank you"
1000097,Serpentine Sofa,https://anasghalion.com/product/serpentine-sofa/,Sofas | Wood Design Crafted,120.0,120.0,False,MDF/Plywood,12,,,,,1,https://anasghalion.com/wp-content/uploads/2026/05/SP1-1-scaled-1.jpg,0,"The wooden structure of this sofa will be easy for you. Just place the design file on the CNC machine and you will easily have more than one copy quickly.

Material used :

MDF or Plywood -12 mm – 1220×2440 mm

After payment you will get the following files:

1-dxf files Drawing .

2- PDF file presentation of the installation method .

3- stl – obj – fbx – 3ds preview files .

If other files are needed, please inform us of your custom request ..

Thank you"
1000096,Miles Lounge Armchair,https://anasghalion.com/product/miles-lounge-armchair/,Armchairs | Chairs | Wood Design Crafted,70.0,70.0,False,MDF/Plywood,18,,,,,2,https://anasghalion.com/wp-content/uploads/2026/05/Miles-Lounge-Armchair-Wittmann-1-scaled-1.jpg,0,"The wooden structure of this sofa will be easy for you. Just place the design file on the CNC machine and you will easily have more than one copy quickly.

Material used :

MDF or Plywood -18 mm – 1220×2440 mm

After payment you will get the following files:

1-dxf files Drawing .

2- PDF file presentation of the installation method .

3- stl – obj – fbx – 3ds preview files .

If other files are needed, please inform us of your custom request ..

Thank you"
1000095,VELVET SOFA,https://anasghalion.com/product/velvet-sofa/,Sofas | Wood Design Crafted,120.0,120.0,False,MDF/Plywood,18,,,,,1,https://anasghalion.com/wp-content/uploads/2026/05/VELVET_-1-scaled-1.jpg,0,"The wooden structure of this sofa will be easy for you. Just place the design file on the CNC machine and you will easily have more than one copy quickly.

Material used :

MDF or Plywood

18 mm – 1220×2440 mm

Or :

15 mm – 1220×2440 mm

After payment you will get the following files:

1-dxf files Drawing .

2- PDF file presentation of the installation method .

3- stl – obj – fbx – 3ds preview files .

If other files are needed, please inform us of your custom request ..

Thank you"
1000094,Roxy Chair,https://anasghalion.com/product/roxy-chair/,Armchairs | Chairs | Wood Design Crafted,70.0,70.0,False,MDF/Plywood,18,,,,,1,https://anasghalion.com/wp-content/uploads/2026/05/swivil-roxy-1-scaled-1.jpg,0,"The wooden structure of this sofa will be easy for you. Just place the design file on the CNC machine and you will easily have more than one copy quickly.

Material used :

MDF or Plywood -18 mm – 1220×2440 mm

After payment you will get the following files:

1-dxf files Drawing .

2- PDF file presentation of the installation method .

3- stl – obj – fbx – 3ds preview files .

If other files are needed, please inform us of your custom request ..

Thank you"
1000093,Karaman Single Sofa,https://anasghalion.com/product/karaman-single-sofa/,Chairs | Sofas | Wood Design Crafted,40.0,40.0,False,MDF/Plywood,18,,,,,1,https://anasghalion.com/wp-content/uploads/2026/05/1-2.png,0,"The wooden structure of this sofa will be easy for you. Just place the design file on the CNC machine and you will easily have more than one copy quickly.

Material used :

MDF or Plywood -18mm + 5 mm or 3mm for back .

After payment you will get the following files:

1-dxf files Drawing .

2- PDF file presentation of the installation method .

3- stl – obj – fbx – 3ds preview files .

If other files are needed, please inform us of your custom request ..

Thank you"
1000092,Salotti ARGO Armchair,https://anasghalion.com/product/salotti-argo-armchair/,Armchairs | Chairs | Wood Design Crafted,50.0,50.0,False,MDF/Plywood,12,,,,,1,https://anasghalion.com/wp-content/uploads/2026/05/1-1.png,0,"The wooden structure of this sofa will be easy for you. Just place the design file on the CNC machine and you will easily have more than one copy quickly.

Material used :

MDF or Plywood -12 mm – 1220×24400 mm -5 mm or 3mm for back .

30 mm oak wood for seat .

After payment you will get the following files:

1-dxf files Drawing .

2- PDF file presentation of the installation method .

3- stl – obj – fbx – 3ds preview files .

If other files are needed, please inform us of your custom request ..

Thank you"
1000091,Moon Sofa + Nordic Armchair,https://anasghalion.com/product/moon-sofa-nordic-armchair/,Armchairs | Chairs | Sets & Bundles | Sofas | Wood Design Crafted,130.0,130.0,False,MDF/Plywood,14,,,,,1,https://anasghalion.com/wp-content/uploads/2026/05/1.png,0,"The wooden structure of this sofa will be easy for you. Just place the design file on the CNC machine and you will easily have more than one copy quickly.

Material used :

MDF or Plywood -14 mm – 1220×24400 mm

After payment you will get the following files:

1-dxf files Drawing .

2- PDF file presentation of the installation method .

3- stl – obj – fbx – 3ds preview files .

If other files are needed, please inform us of your custom request ..

Thank you"
1000090,Duardo Sofa,https://anasghalion.com/product/duardo-sofa/,Chairs | Sofas | Wood Design Crafted,80.0,80.0,False,MDF/Plywood,14,,,,MDF or Plywood -14 mm -183×366  mm / for outer :3 mm – 183×366  mm,1,https://anasghalion.com/wp-content/uploads/2026/05/SOFA-DUARDO-for-view-1-scaled-1.jpg,0,"The wooden structure of this sofa will be easy for you. Just place the design file on the CNC machine and you will easily have more than one copy quickly.

Material used :

MDF or Plywood -14 mm -183×366  mm

for outer :3 mm – 183×366  mm

After payment you will get the following files:

1-dxf files Drawing .

2- PDF file presentation of the installation method .

3- stl – obj – fbx – 3ds preview files .

If other files are needed, please inform us of your custom request ..

Thank you"
1000089,Cube Chair,https://anasghalion.com/product/cube-chair/,Armchairs | Chairs | Wood Design Crafted,35.0,40.0,True,MDF/Plywood,18,,,,,6,https://anasghalion.com/wp-content/uploads/2026/05/mo3tasem-ksa_1-scaled-1.jpg,0,"The wooden structure of this sofa will be easy for you. Just place the design file on the CNC machine and you will easily have more than one copy quickly.

Material used :

MDF or Plywood -18 mm – 1220×2440 mm

After payment you will get the following files:

1-dxf files Drawing .

2- PDF file presentation of the installation method .

3- stl – obj – fbx – 3ds preview files .

If other files are needed, please inform us of your custom request ..

Thank you"
